dep_city,arr_city,number
北京,深圳,2687
北京,上海,2330
北京,成都,1736
北京,广州,1661
北京,重庆,1108
天津,上海,564
天津,广州,461
天津,成都,442
天津,重庆,378
天津,深圳,358
石家庄,上海,256
石家庄,广州,250
石家庄,重庆,241
石家庄,成都,234
石家庄,昆明,182
唐山,广州,127
唐山,上海,76
唐山,重庆,69
唐山,成都,38
唐山,昆明,37
秦皇岛,昆明,46
秦皇岛,上海,41
秦皇岛,重庆,34
秦皇岛,广州,28
秦皇岛,海口,24
邯郸,上海,36
邯郸,成都,35
邯郸,重庆,32
邯郸,北京,28
邯郸,深圳,22
邢台,北京,20
邢台,成都,17
邢台,上海,17
邢台,深圳,15
邢台,重庆,12
保定,上海,66
保定,广州,60
保定,成都,44
保定,重庆,43
保定,深圳,40
张家口,海口,23
张家口,深圳,14
张家口,昆明,9
张家口,成都,9
张家口,上海,9
承德,石家庄,216
承德,广州,19
承德,上海,19
承德,深圳,15
承德,西安,13
沧州,广州,43
沧州,重庆,30
沧州,昆明,24
沧州,三亚,23
沧州,上海,21
廊坊,成都,69
廊坊,广州,66
廊坊,上海,59
廊坊,深圳,49
廊坊,昆明,41
衡水,重庆,18
衡水,昆明,16
衡水,深圳,15
衡水,广州,11
衡水,厦门,7
太原,上海,305
太原,杭州,202
太原,昆明,199
太原,广州,195
太原,成都,191
大同,昆明,25
大同,广州,17
大同,上海,16
大同,天津,15
大同,沈阳,14
阳泉,成都,16
阳泉,昆明,10
阳泉,广州,8
阳泉,重庆,7
阳泉,海口,7
长治,北京,64
长治,上海,37
长治,天津,25
长治,成都,24
长治,广州,19
晋城,广州,9
晋城,海口,8
晋城,珠海,7
晋城,昆明,7
晋城,北京,7
朔州,成都,11
朔州,广州,10
朔州,深圳,9
朔州,海口,6
朔州,天津,5
晋中,上海,45
晋中,成都,34
晋中,北京,32
晋中,杭州,31
晋中,广州,31
运城,北京,64
运城,南京,56
运城,杭州,40
运城,深圳,38
运城,上海,36
忻州,广州,27
忻州,成都,20
忻州,上海,17
忻州,杭州,16
忻州,重庆,12
临汾,杭州,44
临汾,上海,32
临汾,北京,30
临汾,成都,18
临汾,广州,16
吕梁,北京,43
吕梁,海口,35
吕梁,成都,24
吕梁,西安,17
吕梁,上海,15
呼和浩特,北京,384
呼和浩特,赤峰,275
呼和浩特,呼伦贝尔,262
呼和浩特,通辽,198
呼和浩特,天津,160
包头,北京,145
包头,石家庄,85
包头,郑州,80
包头,上海,65
包头,合肥,39
乌海,呼和浩特,29
乌海,北京,27
乌海,昆明,10
乌海,太原,9
乌海,上海,8
赤峰,呼和浩特,276
赤峰,郑州,49
赤峰,杭州,28
赤峰,天津,26
赤峰,包头,24
通辽,呼和浩特,152
通辽,北京,42
通辽,哈尔滨,13
通辽,广州,11
通辽,包头,11
鄂尔多斯,北京,130
鄂尔多斯,成都,67
鄂尔多斯,咸阳,49
鄂尔多斯,西安,47
鄂尔多斯,南京,38
呼伦贝尔,呼和浩特,196
呼伦贝尔,北京,170
呼伦贝尔,天津,55
呼伦贝尔,哈尔滨,28
呼伦贝尔,上海,23
巴彦淖尔,呼和浩特,35
巴彦淖尔,北京,32
巴彦淖尔,广州,25
巴彦淖尔,咸阳,16
巴彦淖尔,深圳,9
乌兰察布,重庆,16
乌兰察布,咸阳,14
乌兰察布,郑州,11
乌兰察布,杭州,9
乌兰察布,西安,7
兴安盟,呼和浩特,74
兴安盟,北京,51
兴安盟,哈尔滨,25
兴安盟,天津,23
兴安盟,深圳,21
锡盟,呼和浩特,107
锡盟,蚌埠,21
锡盟,天津,13
锡盟,重庆,11
锡盟,北京,10
阿拉善盟,广州,23
阿拉善盟,呼和浩特,21
阿拉善盟,北京,21
阿拉善盟,西安,19
阿拉善盟,重庆,13
沈阳,上海,673
沈阳,成都,361
沈阳,北京,270
沈阳,郑州,268
沈阳,深圳,230
大连,上海,682
大连,北京,464
大连,成都,293
大连,天津,264
大连,深圳,251
鞍山,上海,64
鞍山,成都,44
鞍山,北京,39
鞍山,青岛,15
鞍山,郑州,15
抚顺,上海,34
抚顺,南京,14
抚顺,青岛,13
抚顺,深圳,13
抚顺,昆明,13
本溪,成都,30
本溪,郑州,28
本溪,上海,25
本溪,昆明,22
本溪,重庆,19
丹东,上海,46
丹东,北京,19
丹东,深圳,16
丹东,广州,12
丹东,郑州,9
锦州,上海,43
锦州,昆明,28
锦州,武汉,19
锦州,北京,18
锦州,天津,11
营口,上海,29
营口,成都,26
营口,西安,19
营口,深圳,17
营口,广州,13
阜新,上海,22
阜新,郑州,7
阜新,深圳,7
阜新,成都,7
阜新,福州,6
辽阳,上海,26
辽阳,杭州,10
辽阳,北京,10
辽阳,咸阳,9
辽阳,郑州,7
盘锦,成都,14
盘锦,广州,12
盘锦,北京,12
盘锦,上海,11
盘锦,深圳,8
铁岭,北京,17
铁岭,上海,14
铁岭,深圳,11
铁岭,南京,10
铁岭,三亚,9
朝阳,北京,31
朝阳,上海,16
朝阳,天津,3
朝阳,镇江,2
朝阳,苏州,2
葫芦岛,海口,78
葫芦岛,三亚,23
葫芦岛,上海,19
葫芦岛,昆明,14
葫芦岛,北京,14
长春,上海,662
长春,北京,456
长春,杭州,328
长春,成都,310
长春,天津,306
吉林,上海,97
吉林,北京,71
吉林,杭州,49
吉林,天津,48
吉林,深圳,45
四平,上海,18
四平,三亚,10
四平,郑州,7
四平,咸阳,7
四平,深圳,6
辽源,深圳,5
辽源,上海,5
辽源,北京,4
辽源,泉州,3
辽源,威海,3
通化,天津,28
通化,上海,17
通化,广州,10
通化,北京,10
通化,青岛,7
白山,上海,42
白山,北京,8
白山,青岛,7
白山,南昌,7
白山,广州,6
白城,天津,35
白城,保定,17
白城,喀什,8
白城,北京,7
白城,沈阳,6
松原,天津,15
松原,深圳,14
松原,北京,13
松原,保定,12
松原,上海,12
延边,北京,51
延边,上海,32
延边,长春,27
延边,青岛,21
延边,广州,15
哈尔滨,北京,790
哈尔滨,上海,713
哈尔滨,成都,407
哈尔滨,深圳,378
哈尔滨,广州,329
齐齐哈尔,上海,68
齐齐哈尔,北京,44
齐齐哈尔,天津,43
齐齐哈尔,深圳,24
齐齐哈尔,大连,24
牡丹江,北京,76
牡丹江,上海,36
牡丹江,烟台,34
牡丹江,青岛,31
牡丹江,深圳,23
佳木斯,北京,65
佳木斯,哈尔滨,41
佳木斯,青岛,29
佳木斯,上海,24
佳木斯,大连,16
大庆,北京,219
大庆,上海,89
大庆,成都,57
大庆,南昌,52
大庆,烟台,35
伊春,北京,38
伊春,上海,11
伊春,深圳,6
伊春,南京,3
伊春,三亚,3
鸡西,北京,38
鸡西,天津,29
鸡西,哈尔滨,27
鸡西,青岛,13
鸡西,大连,12
鹤岗,北京,10
鹤岗,哈尔滨,9
鹤岗,济南,6
鹤岗,青岛,4
鹤岗,广州,4
双鸭山,哈尔滨,20
双鸭山,北京,17
双鸭山,大连,5
双鸭山,三亚,4
双鸭山,青岛,3
七台河,北京,8
七台河,上海,8
七台河,唐山,6
七台河,保定,6
七台河,哈尔滨,5
绥化,北京,30
绥化,上海,28
绥化,清远,16
绥化,深圳,14
绥化,成都,14
黑河,哈尔滨,43
黑河,上海,19
黑河,北京,16
黑河,云浮,5
黑河,济南,4
大兴安岭,哈尔滨,12
大兴安岭,上海,3
大兴安岭,西安,1
大兴安岭,南京,1
大兴安岭,齐齐哈尔,0
上海,深圳,2404
上海,北京,2330
上海,广州,1828
上海,成都,1190
上海,重庆,1015
南京,深圳,604
南京,广州,587
南京,成都,497
南京,重庆,411
南京,昆明,334
无锡,深圳,200
无锡,广州,195
无锡,成都,186
无锡,昆明,173
无锡,重庆,126
徐州,深圳,71
徐州,上海,69
徐州,昆明,65
徐州,贵阳,61
徐州,重庆,60
常州,深圳,152
常州,广州,144
常州,成都,101
常州,昆明,90
常州,重庆,86
苏州,深圳,516
苏州,广州,362
苏州,重庆,212
苏州,昆明,199
苏州,成都,195
南通,深圳,120
南通,重庆,91
南通,贵阳,80
南通,广州,80
南通,成都,79
连云港,上海,74
连云港,重庆,48
连云港,广州,42
连云港,昆明,39
连云港,北京,37
淮安,北京,36
淮安,广州,35
淮安,成都,33
淮安,深圳,26
淮安,上海,24
盐城,深圳,70
盐城,成都,53
盐城,北京,34
盐城,武汉,33
盐城,贵阳,30
扬州,广州,78
扬州,深圳,74
扬州,成都,58
扬州,重庆,43
扬州,福州,41
镇江,深圳,52
镇江,昆明,43
镇江,广州,43
镇江,成都,41
镇江,重庆,38
泰州,广州,60
泰州,成都,37
泰州,深圳,27
泰州,重庆,26
泰州,北京,19
宿迁,上海,24
宿迁,深圳,23
宿迁,广州,23
宿迁,昆明,14
宿迁,重庆,10
杭州,北京,857
杭州,广州,854
杭州,深圳,822
杭州,成都,593
杭州,重庆,390
宁波,广州,326
宁波,北京,267
宁波,重庆,210
宁波,深圳,208
宁波,郑州,180
温州,贵阳,321
温州,上海,279
温州,广州,272
温州,北京,234
温州,重庆,213
绍兴,广州,100
绍兴,北京,98
绍兴,西安,86
绍兴,重庆,63
绍兴,深圳,49
湖州,广州,53
湖州,深圳,33
湖州,昆明,33
湖州,成都,31
湖州,贵阳,29
嘉兴,广州,130
嘉兴,成都,119
嘉兴,深圳,94
嘉兴,北京,88
嘉兴,重庆,79
金华,广州,117
金华,深圳,96
金华,北京,93
金华,昆明,84
金华,重庆,74
衢州,上海,42
衢州,重庆,41
衢州,北京,38
衢州,昆明,21
衢州,青岛,15
舟山,广州,61
舟山,深圳,55
舟山,北京,37
舟山,大连,36
舟山,青岛,33
台州,广州,111
台州,贵阳,104
台州,重庆,81
台州,北京,77
台州,咸阳,71
丽水,上海,34
丽水,北京,17
丽水,昆明,12
丽水,广州,12
丽水,成都,11
合肥,上海,303
合肥,深圳,248
合肥,重庆,217
合肥,广州,212
合肥,昆明,179
芜湖,广州,34
芜湖,昆明,29
芜湖,重庆,24
芜湖,成都,22
芜湖,深圳,20
蚌埠,上海,87
蚌埠,广州,23
蚌埠,深圳,20
蚌埠,昆明,11
蚌埠,成都,10
马鞍山,成都,24
马鞍山,重庆,20
马鞍山,昆明,15
马鞍山,深圳,13
马鞍山,广州,13
宿州,上海,44
宿州,深圳,15
宿州,昆明,15
宿州,重庆,10
宿州,成都,7
安庆,上海,37
安庆,深圳,20
安庆,重庆,17
安庆,北京,17
安庆,成都,16
淮南,重庆,20
淮南,鄂尔多斯,10
淮南,广州,10
淮南,上海,10
淮南,昆明,9
铜陵,重庆,7
铜陵,深圳,6
铜陵,昆明,6
铜陵,广州,6
铜陵,沈阳,4
黄山,成都,51
黄山,北京,33
黄山,重庆,26
黄山,广州,24
黄山,深圳,19
宣城,深圳,12
宣城,昆明,12
宣城,重庆,9
宣城,成都,8
宣城,西安,7
池州,广州,23
池州,上海,19
池州,深圳,15
池州,沈阳,10
池州,成都,8
滁州,上海,29
滁州,昆明,19
滁州,深圳,18
滁州,广州,18
滁州,重庆,11
淮北,深圳,11
淮北,贵阳,6
淮北,昆明,5
淮北,三亚,5
淮北,重庆,4
阜阳,北京,67
阜阳,上海,50
阜阳,昆明,27
阜阳,深圳,26
阜阳,广州,22
六安,上海,56
六安,重庆,13
六安,西安,12
六安,昆明,10
六安,广州,9
亳州,昆明,10
亳州,上海,9
亳州,三亚,9
亳州,深圳,8
亳州,重庆,5
福州,北京,283
福州,成都,251
福州,上海,239
福州,郑州,230
福州,贵阳,158
厦门,上海,565
厦门,北京,411
厦门,重庆,272
厦门,成都,263
厦门,武汉,245
漳州,上海,51
漳州,北京,34
漳州,昆明,25
漳州,重庆,24
漳州,南京,22
泉州,上海,240
泉州,贵阳,154
泉州,昆明,149
泉州,重庆,132
泉州,郑州,114
三明,昆明,10
三明,哈尔滨,8
三明,北京,8
三明,上海,8
三明,成都,7
莆田,昆明,31
莆田,成都,28
莆田,天津,26
莆田,贵阳,24
莆田,郑州,20
南平,天津,34
南平,上海,30
南平,南宁,18
南平,北京,13
南平,昆明,9
龙岩,北京,46
龙岩,昆明,29
龙岩,成都,17
龙岩,重庆,15
龙岩,南京,14
宁德,北京,32
宁德,上海,22
宁德,成都,17
宁德,郑州,14
宁德,重庆,11
南昌,北京,271
南昌,深圳,219
南昌,重庆,209
南昌,成都,167
南昌,上海,158
九江,北京,26
九江,深圳,25
九江,昆明,21
九江,成都,17
九江,上海,17
上饶,上海,86
上饶,成都,37
上饶,北京,28
上饶,深圳,23
上饶,昆明,20
抚州,北京,19
抚州,成都,18
抚州,深圳,15
抚州,海口,15
抚州,上海,12
宜春,北京,41
宜春,昆明,37
宜春,深圳,32
宜春,成都,30
宜春,咸阳,30
吉安,深圳,23
吉安,咸阳,22
吉安,成都,18
吉安,上海,15
吉安,重庆,14
赣州,上海,72
赣州,北京,57
赣州,成都,56
赣州,杭州,54
赣州,昆明,46
景德镇,北京,43
景德镇,海口,21
景德镇,深圳,18
景德镇,天津,17
景德镇,上海,17
萍乡,北京,14
萍乡,三亚,10
萍乡,昆明,7
萍乡,海口,6
萍乡,济南,6
新余,北京,13
新余,淮安,8
新余,海口,7
新余,上海,5
新余,三亚,5
鹰潭,北京,12
鹰潭,上海,11
鹰潭,海口,5
鹰潭,重庆,4
鹰潭,石家庄,2
济南,成都,381
济南,昆明,314
济南,广州,262
济南,重庆,252
济南,深圳,241
青岛,上海,512
青岛,北京,371
青岛,广州,306
青岛,成都,293
青岛,昆明,278
淄博,大连,63
淄博,广州,46
淄博,深圳,45
淄博,成都,38
淄博,上海,18
枣庄,上海,16
枣庄,昆明,9
枣庄,贵阳,7
枣庄,广州,7
枣庄,重庆,6
东营,上海,65
东营,深圳,27
东营,郑州,23
东营,成都,18
东营,佛山,15
烟台,北京,301
烟台,上海,194
烟台,广州,108
烟台,哈尔滨,90
烟台,深圳,83
潍坊,广州,81
潍坊,上海,68
潍坊,重庆,50
潍坊,昆明,47
潍坊,深圳,43
济宁,上海,40
济宁,深圳,38
济宁,成都,36
济宁,广州,31
济宁,长沙,30
泰安,深圳,35
泰安,成都,31
泰安,重庆,23
泰安,上海,22
泰安,北京,17
威海,哈尔滨,209
威海,北京,104
威海,上海,99
威海,长春,76
威海,大庆,69
日照,北京,43
日照,广州,37
日照,咸阳,27
日照,上海,22
日照,天津,21
滨州,重庆,21
滨州,深圳,20
滨州,昆明,20
滨州,成都,17
滨州,南昌,12
德州,成都,26
德州,深圳,19
德州,昆明,15
德州,厦门,13
德州,上海,13
聊城,广州,14
聊城,重庆,12
聊城,西安,9
聊城,深圳,8
聊城,成都,8
临沂,上海,103
临沂,北京,83
临沂,深圳,76
临沂,长沙,65
临沂,重庆,56
菏泽,深圳,31
菏泽,成都,16
菏泽,广州,16
菏泽,贵阳,15
菏泽,重庆,11
莱芜,福州,5
莱芜,深圳,5
莱芜,咸阳,5
莱芜,重庆,4
莱芜,贵阳,3
郑州,深圳,356
郑州,昆明,326
郑州,成都,313
郑州,广州,309
郑州,上海,270
开封,广州,49
开封,成都,22
开封,深圳,18
开封,上海,16
开封,昆明,15
洛阳,上海,119
洛阳,重庆,77
洛阳,北京,63
洛阳,广州,40
洛阳,杭州,37
平顶山,广州,16
平顶山,深圳,15
平顶山,上海,15
平顶山,三亚,12
平顶山,贵阳,9
安阳,上海,13
安阳,成都,11
安阳,广州,11
安阳,桂林,10
安阳,昆明,10
鹤壁,成都,8
鹤壁,深圳,5
鹤壁,福州,4
鹤壁,广州,4
鹤壁,南宁,4
新乡,成都,22
新乡,深圳,19
新乡,杭州,19
新乡,广州,19
新乡,厦门,17
焦作,昆明,13
焦作,广州,12
焦作,海口,11
焦作,重庆,10
焦作,杭州,10
濮阳,深圳,11
濮阳,杭州,11
濮阳,贵阳,10
濮阳,上海,9
濮阳,广州,8
许昌,泉州,27
许昌,上海,21
许昌,杭州,15
许昌,昆明,14
许昌,广州,14
漯河,沈阳,8
漯河,厦门,8
漯河,深圳,6
漯河,成都,6
漯河,乌鲁木齐,6
三门峡,昆明,11
三门峡,深圳,7
三门峡,北京,6
三门峡,厦门,5
三门峡,龙岩,3
商丘,昆明,18
商丘,上海,16
商丘,珠海,15
商丘,广州,13
商丘,深圳,11
周口,昆明,21
周口,深圳,15
周口,厦门,14
周口,广州,13
周口,重庆,12
驻马店,上海,32
驻马店,北京,24
驻马店,成都,13
驻马店,重庆,12
驻马店,杭州,12
南阳,北京,82
南阳,深圳,57
南阳,厦门,41
南阳,广州,37
南阳,海口,35
信阳,北京,28
信阳,上海,26
信阳,佛山,17
信阳,重庆,12
信阳,深圳,12
济源,重庆,7
济源,上海,6
济源,深圳,4
济源,沈阳,4
济源,杭州,2
武汉,上海,578
武汉,北京,576
武汉,成都,390
武汉,昆明,298
武汉,深圳,297
黄石,昆明,14
黄石,北京,7
黄石,贵阳,5
黄石,成都,5
黄石,兰州,5
十堰,北京,44
十堰,上海,42
十堰,武汉,37
十堰,天津,33
十堰,深圳,32
荆州,深圳,16
荆州,昆明,13
荆州,北京,13
荆州,海口,12
荆州,广州,12
宜昌,深圳,67
宜昌,北京,64
宜昌,广州,58
宜昌,杭州,38
宜昌,昆明,36
襄阳,成都,37
襄阳,上海,31
襄阳,深圳,30
襄阳,杭州,27
襄阳,哈尔滨,26
鄂州,北京,7
鄂州,海口,5
鄂州,昆明,5
鄂州,西安,4
鄂州,深圳,4
黄冈,深圳,20
黄冈,上海,14
黄冈,昆明,12
黄冈,北京,12
黄冈,成都,11
孝感,深圳,25
孝感,昆明,18
孝感,上海,17
孝感,广州,13
孝感,海口,12
咸宁,昆明,9
咸宁,成都,7
咸宁,三亚,6
咸宁,上海,5
咸宁,青岛,4
仙桃,深圳,5
仙桃,昆明,5
仙桃,成都,4
仙桃,北京,3
仙桃,三亚,3
潜江,成都,3
潜江,乌鲁木齐,3
潜江,南宁,2
潜江,兰州,2
潜江,六盘水,2
神农架,武汉,11
神农架,深圳,7
神农架,上海,2
神农架,百色,1
神农架,黄冈,0
恩施州,武汉,160
恩施州,上海,57
恩施州,深圳,43
恩施州,北京,31
恩施州,南京,27
天门,重庆,5
天门,深圳,5
天门,昆明,4
天门,上海,3
天门,福州,2
随州,贵阳,8
随州,成都,7
随州,南宁,7
随州,深圳,6
随州,北京,5
长沙,北京,513
长沙,上海,365
长沙,成都,348
长沙,重庆,335
长沙,西安,252
株洲,北京,35
株洲,成都,27
株洲,天津,26
株洲,上海,21
株洲,昆明,17
湘潭,海口,55
湘潭,天津,22
湘潭,三亚,18
湘潭,重庆,17
湘潭,北京,17
衡阳,成都,45
衡阳,上海,39
衡阳,海口,31
衡阳,贵阳,27
衡阳,杭州,27
邵阳,深圳,34
邵阳,沈阳,22
邵阳,北京,21
邵阳,海口,15
邵阳,上海,13
岳阳,北京,44
岳阳,上海,28
岳阳,海口,24
岳阳,成都,22
岳阳,咸阳,15
常德,成都,45
常德,上海,35
常德,杭州,32
常德,海口,27
常德,深圳,23
张家界,深圳,37
张家界,北京,33
张家界,上海,31
张家界,重庆,29
张家界,广州,27
益阳,北京,14
益阳,上海,12
益阳,南京,11
益阳,西安,10
益阳,深圳,7
娄底,三亚,20
娄底,北京,11
娄底,上海,6
娄底,金华,5
娄底,昆明,5
郴州,深圳,15
郴州,北京,14
郴州,三亚,11
郴州,成都,7
郴州,上海,7
永州,北京,35
永州,海口,19
永州,重庆,17
永州,西安,10
永州,咸阳,8
怀化,海口,29
怀化,北京,29
怀化,成都,19
怀化,上海,14
怀化,昆明,13
湘西,北京,14
湘西,上海,14
湘西,深圳,12
湘西,昆明,11
湘西,南京,11
广州,上海,1712
广州,北京,1640
广州,成都,841
广州,杭州,801
广州,重庆,634
深圳,上海,1920
深圳,北京,1476
深圳,成都,915
深圳,杭州,824
深圳,重庆,768
珠海,上海,284
珠海,北京,238
珠海,南昌,160
珠海,重庆,159
珠海,成都,133
汕头,上海,86
汕头,杭州,69
汕头,昆明,49
汕头,北京,38
汕头,郑州,36
佛山,上海,211
佛山,北京,183
佛山,成都,150
佛山,杭州,108
佛山,重庆,98
韶关,海口,8
韶关,北京,7
韶关,重庆,5
韶关,西安,4
韶关,成都,4
湛江,上海,119
湛江,武汉,97
湛江,深圳,95
湛江,广州,73
湛江,重庆,64
肇庆,北京,27
肇庆,大庆,22
肇庆,成都,13
肇庆,上海,12
肇庆,南京,11
江门,上海,32
江门,重庆,23
江门,成都,17
江门,北京,15
江门,西安,14
茂名,深圳,23
茂名,上海,20
茂名,武汉,11
茂名,北京,11
茂名,昆明,10
惠州,北京,102
惠州,上海,90
惠州,昆明,79
惠州,郑州,77
惠州,重庆,73
梅州,上海,42
梅州,重庆,27
梅州,湛江,15
梅州,昆明,13
梅州,广安,12
汕尾,北京,9
汕尾,重庆,8
汕尾,成都,8
汕尾,上海,7
汕尾,杭州,6
河源,北京,10
河源,南京,8
河源,上海,7
河源,昆明,6
河源,重庆,5
阳江,北京,16
阳江,天津,6
阳江,上海,6
阳江,重庆,4
阳江,石家庄,4
清远,重庆,22
清远,成都,22
清远,上海,19
清远,昆明,16
清远,北京,15
东莞,上海,300
东莞,北京,165
东莞,重庆,136
东莞,成都,120
东莞,杭州,108
中山,上海,75
中山,重庆,63
中山,北京,63
中山,成都,61
中山,杭州,40
潮州,杭州,29
潮州,重庆,24
潮州,郑州,21
潮州,贵阳,20
潮州,上海,20
揭阳,郑州,59
揭阳,上海,55
揭阳,昆明,47
揭阳,杭州,37
揭阳,海口,26
云浮,上海,8
云浮,北京,6
云浮,三亚,4
云浮,黑河,2
云浮,武汉,2
南宁,北京,316
南宁,上海,303
南宁,重庆,218
南宁,南京,179
南宁,成都,160
柳州,上海,52
柳州,杭州,37
柳州,北京,26
柳州,昆明,23
柳州,海口,19
桂林,上海,131
桂林,北京,119
桂林,咸阳,97
桂林,南京,97
桂林,天津,79
梧州,长沙,21
梧州,上海,10
梧州,重庆,4
梧州,成都,4
梧州,南京,4
北海,上海,105
北海,咸阳,68
北海,成都,66
北海,长沙,54
北海,西安,48
防城港,南京,14
防城港,上海,14
防城港,重庆,11
防城港,兰州,10
防城港,杭州,9
钦州,上海,19
钦州,成都,10
钦州,杭州,9
钦州,北京,9
钦州,南京,8
贵港,上海,10
贵港,重庆,8
贵港,北京,7
贵港,南京,6
贵港,石家庄,3
玉林,上海,21
玉林,北京,16
玉林,沈阳,7
玉林,重庆,6
玉林,深圳,6
百色,重庆,43
百色,海口,21
百色,长沙,19
百色,上海,17
百色,杭州,15
贺州,郑州,24
贺州,咸阳,10
贺州,西安,8
贺州,太原,8
贺州,南京,8
河池,北京,12
河池,三亚,9
河池,郑州,7
河池,南京,7
河池,上海,7
来宾,北京,10
来宾,上海,8
来宾,三亚,5
来宾,成都,4
来宾,天津,3
崇左,重庆,21
崇左,合肥,14
崇左,哈尔滨,13
崇左,杭州,12
崇左,南京,11
海口,广州,500
海口,北京,436
海口,长沙,339
海口,深圳,264
海口,重庆,243
三亚,北京,905
三亚,上海,464
三亚,成都,441
三亚,重庆,339
三亚,贵阳,236
儋州,重庆,20
儋州,北京,17
儋州,昆明,11
儋州,上海,11
儋州,郑州,9
五指山,北京,8
五指山,郑州,3
五指山,长春,2
五指山,石家庄,2
五指山,濮阳,2
文昌,北京,34
文昌,重庆,27
文昌,广州,24
文昌,上海,22
文昌,长沙,20
琼海,北京,57
琼海,石家庄,39
琼海,太原,22
琼海,天津,21
琼海,兰州,18
万宁,北京,61
万宁,深圳,19
万宁,重庆,12
万宁,石家庄,11
万宁,长春,10
东方,北京,10
东方,杭州,8
东方,上海,7
东方,成都,6
东方,长沙,4
定安县,北京,8
定安县,长沙,5
定安县,长春,3
定安县,重庆,3
定安县,西安,3
屯昌县,成都,5
屯昌县,杭州,3
屯昌县,咸阳,3
屯昌县,重庆,2
屯昌县,贵阳,2
澄迈县,北京,43
澄迈县,郑州,19
澄迈县,天津,19
澄迈县,太原,18
澄迈县,广州,17
临高县,重庆,11
临高县,北京,11
临高县,郑州,6
临高县,沈阳,4
临高县,咸阳,4
琼中,武汉,6
琼中,郑州,5
琼中,广州,4
琼中,邯郸,3
琼中,汕头,3
保亭,广州,7
保亭,北京,6
保亭,上海,4
保亭,重庆,3
保亭,哈尔滨,3
白沙,兰州,3
白沙,北京,2
白沙,上海,2
白沙,许昌,1
白沙,菏泽,1
昌江,天津,5
昌江,上海,3
昌江,眉山,2
昌江,珠海,2
昌江,成都,2
乐东,北京,18
乐东,重庆,14
乐东,哈尔滨,9
乐东,贵阳,8
乐东,上海,6
陵水,北京,79
陵水,成都,26
陵水,上海,25
陵水,重庆,20
陵水,西安,19
重庆,上海,1064
重庆,北京,1025
重庆,深圳,861
重庆,广州,682
重庆,南京,453
成都,北京,1442
成都,上海,1292
成都,深圳,1159
成都,广州,976
成都,昆明,692
绵阳,北京,145
绵阳,上海,105
绵阳,深圳,98
绵阳,昆明,73
绵阳,乌鲁木齐,62
自贡,深圳,19
自贡,北京,16
自贡,杭州,15
自贡,广州,9
自贡,咸阳,7
攀枝花,成都,100
攀枝花,咸阳,32
攀枝花,深圳,15
攀枝花,武汉,12
攀枝花,北京,7
泸州,广州,49
泸州,北京,48
泸州,昆明,39
泸州,深圳,31
泸州,郑州,28
德阳,北京,41
德阳,广州,39
德阳,上海,38
德阳,沈阳,25
德阳,深圳,23
广元,北京,43
广元,杭州,40
广元,上海,30
广元,深圳,25
广元,昆明,7
遂宁,深圳,34
遂宁,上海,14
遂宁,山南,12
遂宁,广州,11
遂宁,北京,10
内江,深圳,14
内江,上海,12
内江,北京,11
内江,广州,7
内江,三亚,7
乐山,广州,37
乐山,上海,34
乐山,北京,31
乐山,深圳,30
乐山,杭州,25
资阳,上海,28
资阳,广州,17
资阳,深圳,15
资阳,杭州,9
资阳,北京,9
南充,深圳,76
南充,上海,43
南充,广州,41
南充,昆明,36
南充,北京,33
达州,深圳,76
达州,广州,28
达州,北京,28
达州,东莞,19
达州,昆明,18
雅安,深圳,14
雅安,广州,8
雅安,山南,8
雅安,北京,7
雅安,泉州,5
甘孜,成都,74
甘孜,广州,5
甘孜,昆明,4
甘孜,拉萨,4
甘孜,山南,4
凉山,成都,81
凉山,咸阳,42
凉山,深圳,39
凉山,北京,31
凉山,南昌,30
广安,深圳,85
广安,广州,18
广安,北京,18
广安,上海,14
广安,东莞,13
巴中,北京,15
巴中,深圳,8
巴中,广州,7
巴中,昆明,6
巴中,上海,6
眉山,深圳,43
眉山,上海,30
眉山,北京,29
眉山,广州,22
眉山,杭州,20
贵阳,北京,344
贵阳,上海,336
贵阳,杭州,208
贵阳,深圳,207
贵阳,温州,203
六盘水,北京,45
六盘水,成都,22
六盘水,温州,14
六盘水,武汉,14
六盘水,深圳,13
遵义,北京,135
遵义,上海,75
遵义,深圳,61
遵义,成都,57
遵义,三亚,52
铜仁,北京,36
铜仁,上海,26
铜仁,武汉,22
铜仁,三亚,20
铜仁,杭州,19
黔西南,北京,46
黔西南,深圳,33
黔西南,广州,31
黔西南,上海,20
黔西南,杭州,19
毕节,北京,44
毕节,上海,39
毕节,杭州,38
毕节,温州,33
毕节,昆明,26
安顺,杭州,33
安顺,上海,33
安顺,温州,26
安顺,北京,20
安顺,三亚,20
黔东南,温州,17
黔东南,深圳,13
黔东南,杭州,12
黔东南,北京,12
黔东南,海口,11
黔南,上海,36
黔南,郑州,30
黔南,北京,27
黔南,福州,23
黔南,杭州,23
昆明,北京,791
昆明,上海,751
昆明,西双版纳,737
昆明,成都,681
昆明,保山,575
曲靖,北京,40
曲靖,深圳,29
曲靖,上海,24
曲靖,天津,18
曲靖,温州,14
玉溪,北京,25
玉溪,成都,16
玉溪,广州,15
玉溪,深圳,12
玉溪,长沙,11
保山,昆明,563
保山,北京,53
保山,重庆,37
保山,贵阳,32
保山,深圳,32
昭通,深圳,43
昭通,杭州,36
昭通,昆明,23
昭通,广州,21
昭通,重庆,16
丽江,重庆,260
丽江,贵阳,140
丽江,杭州,107
丽江,成都,105
丽江,郑州,103
普洱,昆明,123
普洱,上海,61
普洱,重庆,46
普洱,成都,30
普洱,北京,12
临沧,昆明,162
临沧,重庆,5
临沧,长沙,4
临沧,深圳,4
临沧,曲靖,4
德宏,昆明,572
德宏,北京,44
德宏,重庆,29
德宏,成都,21
德宏,广州,20
怒江,昆明,15
怒江,深圳,2
怒江,山南,2
怒江,北京,2
怒江,乐东,2
迪庆,昆明,98
迪庆,成都,30
迪庆,重庆,19
迪庆,山南,5
迪庆,咸阳,5
大理,成都,110
大理,北京,92
大理,重庆,88
大理,上海,61
大理,郑州,50
楚雄,杭州,15
楚雄,天津,12
楚雄,海口,11
楚雄,深圳,10
楚雄,成都,10
红河,北京,35
红河,郑州,15
红河,成都,13
红河,深圳,11
红河,咸阳,11
文山,杭州,15
文山,重庆,14
文山,三亚,14
文山,北京,13
文山,上海,13
西双版纳,昆明,791
西双版纳,成都,99
西双版纳,重庆,87
西双版纳,北京,60
西双版纳,杭州,45
拉萨,成都,448
拉萨,重庆,253
拉萨,咸阳,244
拉萨,昆明,101
拉萨,西安,67
昌都,成都,148
昌都,咸阳,100
昌都,重庆,80
昌都,山南,24
昌都,西安,22
日喀则,成都,70
日喀则,重庆,19
日喀则,咸阳,17
日喀则,郑州,6
日喀则,昆明,4
山南,成都,120
山南,重庆,52
山南,咸阳,36
山南,绵阳,16
山南,北京,14
那曲,成都,7
那曲,重庆,4
那曲,西宁,3
那曲,咸阳,2
那曲,阿拉善盟,1
阿里,山南,24
阿里,拉萨,9
阿里,甘孜,1
阿里,烟台,1
阿里,泉州,1
林芝,成都,117
林芝,重庆,97
林芝,咸阳,59
林芝,深圳,56
林芝,兰州,15
西安,北京,624
西安,上海,609
西安,深圳,518
西安,广州,433
西安,南京,370
宝鸡,深圳,20
宝鸡,广州,16
宝鸡,上海,15
宝鸡,海口,10
宝鸡,杭州,10
咸阳,上海,238
咸阳,深圳,209
咸阳,乌鲁木齐,190
咸阳,北京,180
咸阳,重庆,168
渭南,深圳,23
渭南,广州,21
渭南,北京,18
渭南,杭州,15
渭南,上海,12
铜川,深圳,4
铜川,北京,4
铜川,长沙,3
铜川,烟台,3
铜川,广州,3
延安,北京,38
延安,杭州,29
延安,广州,11
延安,上海,10
延安,长沙,8
榆林,西安,274
榆林,咸阳,105
榆林,北京,81
榆林,深圳,24
榆林,成都,21
安康,深圳,12
安康,杭州,11
安康,广州,10
安康,三亚,9
安康,上海,8
汉中,北京,29
汉中,上海,28
汉中,深圳,15
汉中,海口,14
汉中,哈尔滨,14
商洛,广州,8
商洛,深圳,7
商洛,厦门,5
商洛,北京,5
商洛,上海,5
兰州,北京,245
兰州,乌鲁木齐,242
兰州,杭州,169
兰州,广州,167
兰州,上海,156
嘉峪关,北京,14
嘉峪关,咸阳,9
嘉峪关,西安,6
嘉峪关,兰州,6
嘉峪关,长沙,4
金昌,咸阳,13
金昌,西安,7
金昌,成都,6
金昌,广州,4
金昌,北京,4
白银,乌鲁木齐,15
白银,南京,13
白银,深圳,12
白银,北京,11
白银,广州,10
天水,天津,24
天水,乌鲁木齐,24
天水,杭州,21
天水,重庆,11
天水,深圳,11
酒泉,兰州,59
酒泉,咸阳,35
酒泉,北京,26
酒泉,西安,18
酒泉,成都,17
张掖,兰州,23
张掖,上海,13
张掖,天津,12
张掖,咸阳,12
张掖,深圳,10
武威,乌鲁木齐,20
武威,南京,14
武威,成都,8
武威,天津,8
武威,咸阳,6
定西,乌鲁木齐,19
定西,杭州,9
定西,北京,8
定西,上海,8
定西,沈阳,7
陇南,深圳,39
陇南,乌鲁木齐,15
陇南,杭州,13
陇南,兰州,10
陇南,海口,9
平凉,乌鲁木齐,15
平凉,北京,9
平凉,广州,7
平凉,杭州,6
平凉,深圳,5
庆阳,上海,31
庆阳,兰州,29
庆阳,北京,21
庆阳,成都,20
庆阳,深圳,19
临夏,广州,16
临夏,杭州,15
临夏,上海,13
临夏,深圳,11
临夏,北京,9
甘南,昆明,11
甘南,成都,7
甘南,北京,5
甘南,重庆,4
甘南,杭州,3
西宁,咸阳,171
西宁,北京,154
西宁,长沙,92
西宁,成都,92
西宁,武汉,79
海东,咸阳,33
海东,北京,23
海东,成都,22
海东,杭州,13
海东,南京,13
海北,咸阳,4
海北,西双版纳,2
海北,深圳,2
海北,济南,2
海北,昆明,2
黄南州,重庆,3
黄南州,北京,2
黄南州,郑州,1
黄南州,连云港,1
黄南州,贵阳,1
海南州,南昌,15
海南州,咸阳,5
海南州,镇江,4
海南州,广州,3
海南州,合肥,3
果洛,酒泉,1
果洛,迪庆,1
果洛,贵港,1
果洛,湛江,1
果洛,榆林,1
玉树州,西宁,9
玉树州,山南,9
玉树州,成都,8
玉树州,海东,2
玉树州,拉萨,2
海西州,咸阳,22
海西州,海东,15
海西州,成都,13
海西州,北京,11
海西州,西安,9
银川,重庆,250
银川,西安,203
银川,长沙,194
银川,北京,189
银川,成都,186
石嘴山,咸阳,26
石嘴山,郑州,22
石嘴山,成都,22
石嘴山,重庆,21
石嘴山,上海,21
吴忠,成都,20
吴忠,十堰,20
吴忠,西安,18
吴忠,北京,17
吴忠,海口,13
固原,天津,12
固原,重庆,9
固原,上海,9
固原,北京,7
固原,乌鲁木齐,7
中卫,重庆,30
中卫,北京,16
中卫,广州,11
中卫,上海,8
中卫,扬州,5
乌鲁木齐,喀什,506
乌鲁木齐,北京,378
乌鲁木齐,成都,331
乌鲁木齐,上海,304
乌鲁木齐,重庆,248
克拉玛依,成都,58
克拉玛依,北京,58
克拉玛依,天津,39
克拉玛依,郑州,36
克拉玛依,西安,27
吐鲁番,郑州,21
吐鲁番,喀什,10
吐鲁番,成都,9
吐鲁番,上海,8
吐鲁番,咸阳,7
哈密,成都,29
哈密,北京,26
哈密,乌鲁木齐,26
哈密,咸阳,18
哈密,兰州,11
昌吉,北京,34
昌吉,咸阳,22
昌吉,郑州,21
昌吉,西安,20
昌吉,成都,20
博州,乌鲁木齐,77
博州,保定,11
博州,武汉,7
博州,忻州,5
博州,天津,5
巴州,郑州,81
巴州,成都,68
巴州,北京,67
巴州,重庆,52
巴州,咸阳,36
阿克苏,乌鲁木齐,299
阿克苏,郑州,51
阿克苏,重庆,47
阿克苏,北京,25
阿克苏,兰州,20
克州,乌鲁木齐,71
克州,成都,6
克州,苏州,4
克州,昌吉,4
克州,上海,4
喀什,乌鲁木齐,568
喀什,成都,49
喀什,济南,36
喀什,北京,33
喀什,昌吉,28
和田,乌鲁木齐,430
和田,成都,73
和田,北京,48
和田,天津,44
和田,杭州,24
伊犁,乌鲁木齐,298
伊犁,北京,22
伊犁,南京,20
伊犁,重庆,15
伊犁,昌吉,13
塔城,乌鲁木齐,98
塔城,喀什,15
塔城,成都,8
塔城,广州,8
塔城,上海,7
阿勒泰,乌鲁木齐,79
阿勒泰,咸阳,25
阿勒泰,北京,12
阿勒泰,重庆,11
阿勒泰,昆明,6
石河子,郑州,39
石河子,成都,30
石河子,重庆,28
石河子,合肥,28
石河子,宁波,22
阿拉尔,乌鲁木齐,92
阿拉尔,重庆,17
阿拉尔,兰州,11
阿拉尔,郑州,6
阿拉尔,成都,5
图木舒克,乌鲁木齐,29
图木舒克,郑州,5
图木舒克,成都,3
图木舒克,周口,3
图木舒克,兰州,3
五家渠,重庆,5
五家渠,长沙,4
五家渠,北京,4
五家渠,郑州,3
五家渠,塔城,3
香港,上海,530
香港,北京,320
香港,杭州,153
香港,成都,136
香港,南京,122
台湾,上海,231
台湾,北京,122
台湾,香港,100
台湾,深圳,90
台湾,广州,68
